id	name	centroid	province_id	population
LK-1	Western	[6.834825, 80.066978]	LK-1	5850745
LK-2	Central	[7.324027, 80.717818]	LK-2	2571557
LK-3	Southern	[6.221475, 80.720572]	LK-3	2477285
LK-4	Northern	[9.127997, 80.34162]	LK-4	1061215
LK-5	Eastern	[7.742536, 81.407614]	LK-5	1555510
LK-6	North Western	[7.785639, 80.11037]	LK-6	2379683
LK-7	North Central	[8.263303, 80.678773]	LK-7	1266663
LK-8	Uva	[6.8831, 81.217511]	LK-8	1266463
LK-9	Sabaragamuwa	[6.760592, 80.491173]	LK-9	1928655
